The following 66 users are on your list but not in flexserver:

andrea.brognara@id.abb.comandreas.wetzel@ch.abb.comangelos.garyfallos@ch.abb.comastrid.bauer@ch.abb.combenjamin.kaufmann@ch.abb.combernardo.galletti@ch.abb.comchristoph.koller@ch.abb.comdavid.saxl@ch.abb.comdina.valeeva@ch.abb.comelmar.strittmatter@ch.abb.comemmanouil.panousis@ch.abb.comennio.errico@it.abb.comesteban.zimmermann@ch.abb.comFlorian.Brandl@ch.abb.comhans.sjoekvist@ch.abb.comjennifer-ruiqiong.pan@cn.abb.comjulian.josephsohn@ch.abb.comlabor.mechanik@ch.abb.comlabor.mechanik@ch.abb.comlabor.mechanik@ch.abb.comlabor.mechanik@ch.abb.comlise.donzel@ch.abb.comlorenzo.scotti@it.abb.comlukas.e.zehnder@ch.abb.commanuel.naef@ch.abb.commarko.brilli@fi.abb.commarkus.bujotzek@ch.abb.commartin.kriegel@ch.abb.commatteo.calamari@it.abb.commatthias.menzi@ch.abb.commichael.demtschenko@ch.abb.commichael.kleimaier@ch.abb.commichael.schwinne@ch.abb.commichael.stanek@ch.abb.commichel.fernandes@ch.abb.commichel.nagel@ch.abb.commirko.palazzo@ch.abb.comnadir.amari@it.abb.comnicolas.pilatte@ch.abb.comnitesh.ranjan@ch.abb.comoliver.cossalter@ch.abb.comomega.ai-rechner@ch.abb.comomega.customer@ch.abb.compatrick.fehlmann@ch.abb.compatrick.p.meier@ch.abb.competer.u.frei@ch.abb.compi.ai-rechner@ch.abb.compi.customer@ch.abb.comraffael.buehler@ch.abb.comrene.kallweit@ch.abb.comrichard.gao@ch.abb.comricky.hirsch@ch.abb.comRijo-Jude.Raphael@ch.abb.comroman.eggel@ch.abb.comrosy.raysaha@in.abb.comsara.romani@it.abb.comsergio.parrotta@ch.abb.comshaker.messplatz@ch.abb.comstefan.arndt@ch.abb.comstephan.grob@ch.abb.comstephan.kalt@ch.abb.comsteven-xiuming.xu@cn.abb.comthomas.baier@ch.abb.comthomas.kuhlmann@ch.abb.comwayne-wenyong.wang@cn.abb.comwilliam-wei.di@cn.abb.com
And those 28 users are not on your list but are in flexserver:

benjamin.bigler@ch.abb.comeugen.graf@de.abb.comjoern-malte.darnehl@de.abb.comjohannes.glaab@de.abb.comjustin-jing.xu@cn.abb.comkrunal.kansara@in.abb.commahesh.dhotre@ch.abb.commatjan.nuredini@ch.abb.commichael.gatzsche@ch.abb.comminzhong.yang@cn.abb.comnico.chalupa@de.abb.comniels.jelting@ch.abb.compatrick.stoller@ch.abb.compeng.lu@ch.abb.comphilip.streit@ch.abb.comreto.karrer@ch.abb.comreto.neuenschwander@ch.abb.comrobert.voss@ch.abb.comsadiya.sardara@ch.abb.comsairam.nandula@in.abb.comstefan.laeber@ch.abb.comsumedh.pawar@in.abb.comthomas.klose@de.abb.comtobias.schiller@de.abb.comuwe.przybille@de.abb.comvaleria.teppati@ch.abb.comvincent.dousset@ch.abb.comwalter.a.gassmann@ch.abb.com

cnalxia
cnbiyao
cnboma
cnjepan2
cnmiyan8
cnstxu6
cnwawan4
cnwidi
inkrkan
inroray
chamaza
chanbad
changar2
chasbau
chbegal
chbekau
chbrrad
chchkol1
chdamor
chdaove
chelstr
chempan
cheszim
chfablu
chfahot
chflabra
chfrlun
chgesch2
chguste
chhehei
chjakor
chjihua
chjohen
chjoost1
chjopre
chjujos
chlidon
chluzeh
chluzio
chmabuj
chmadho
chmahar1
chmakri
chmamen
chmanae3
chmanur
chmaro1
chmerec
chmidem1
chmifer
chmigat
chmikle1
chminag1
chmipal
chmisch10
chmista1
chnamah
chnijel
chniran
cholcos
chpamei3
chpasto1
chpelu
chrabue2
chreiri
chrekal1
chrekar
chreneu
chrigao
chrihir
chrirap
chroste3
chrovos1
chsakot
chsasar1
chsepar
chstarn1
chstgro
chstkal
chstlae
chthbai
chthkuh1
chulstr
chvatep
chvidou
chwagas
demasch17
deu106132
deu106151
deu106243
deu116500
deu116699
deu116726
deu116746
deu131563
deu214356
deu218500
itenerr
itlosco
itnaama
itsarom1
sejoegu